{"created_at": "2025-11-28 09:20:19", "phase2_source": "phase2_qubo_artifacts.json", "methods": [["exact", {"max_n": 24}], ["sa", {"max_n": 400, "num_reads": 8000, "sweeps": 50000, "seed": 123}], ["tabu", {"max_n": 400, "timeout": 60000, "seed": 123}]], "rows": [{"instance_key": "(10, 5, 0.2, 'synthetic_factor', 2025)", "method": "exact", "engine": "dimod.ExactSolver", "status": "ok", "reason": "", "n": 10, "B": 5, "q": 0.2, "A": 0.8835012474720312, "runtime_s": 0.0024938583374023438, "E_best": -22.088805861447536, "E_best_improved": -22.088805861447536, "improve_engine": "python.local_descent", "raw_sum_z": 5, "raw_feasible": true, "raw_F_markowitz": -0.001274674646756832, "raw_penalty": 0.0, "raw_E_qubo": -22.088805861447536, "imp_sum_z": 5, "imp_feasible": true, "imp_F_markowitz": -0.001274674646756832, "imp_penalty": 0.0, "imp_E_qubo": -22.088805861447536}, {"instance_key": "(10, 5, 0.2, 'synthetic_factor', 2025)", "method": "sa", "engine": "neal.SA", "status": "ok", "reason": "", "n": 10, "B": 5, "q": 0.2, "A": 0.8835012474720312, "runtime_s": 23.70317006111145, "E_best": -22.088805861447536, "E_best_improved": -22.088805861447536, "improve_engine": "python.local_descent", "raw_sum_z": 5, "raw_feasible": true, "raw_F_markowitz": -0.001274674646756832, "raw_penalty": 0.0, "raw_E_qubo": -22.088805861447536, "imp_sum_z": 5, "imp_feasible": true, "imp_F_markowitz": -0.001274674646756832, "imp_penalty": 0.0, "imp_E_qubo": -22.088805861447536}, {"instance_key": "(10, 5, 0.2, 'synthetic_factor', 2025)", "method": "tabu", "engine": "tabu", "status": "ok", "reason": "", "n": 10, "B": 5, "q": 0.2, "A": 0.8835012474720312, "runtime_s": 60.00193691253662, "E_best": -22.088805861447536, "E_best_improved": -22.088805861447536, "improve_engine": "python.local_descent", "raw_sum_z": 5, "raw_feasible": true, "raw_F_markowitz": -0.001274674646756832, "raw_penalty": 0.0, "raw_E_qubo": -22.088805861447536, "imp_sum_z": 5, "imp_feasible": true, "imp_F_markowitz": -0.001274674646756832, "imp_penalty": 0.0, "imp_E_qubo": -22.088805861447536}, {"instance_key": "(10, 5, 0.5, 'synthetic_factor', 2026)", "method": "exact", "engine": "dimod.ExactSolver", "status": "ok", "reason": "", "n": 10, "B": 5, "q": 0.5, "A": 1.578341484060211, "runtime_s": 0.0009679794311523438, "E_best": -39.41615524694852, "E_best_improved": -39.41615524694853, "improve_engine": "python.local_descent", "raw_sum_z": 5, "raw_feasible": true, "raw_F_markowitz": 0.042381854556754216, "raw_penalty": 0.0, "raw_E_qubo": -39.41615524694853, "imp_sum_z": 5, "imp_feasible": true, "imp_F_markowitz": 0.042381854556754216, "imp_penalty": 0.0, "imp_E_qubo": -39.41615524694853}, {"instance_key": "(10, 5, 0.5, 'synthetic_factor', 2026)", "method": "sa", "engine": "neal.SA", "status": "ok", "reason": "", "n": 10, "B": 5, "q": 0.5, "A": 1.578341484060211, "runtime_s": 26.623756885528564, "E_best": -39.41615524694849, "E_best_improved": -39.41615524694853, "improve_engine": "python.local_descent", "raw_sum_z": 5, "raw_feasible": true, "raw_F_markowitz": 0.042381854556754216, "raw_penalty": 0.0, "raw_E_qubo": -39.41615524694853, "imp_sum_z": 5, "imp_feasible": true, "imp_F_markowitz": 0.042381854556754216, "imp_penalty": 0.0, "imp_E_qubo": -39.41615524694853}, {"instance_key": "(10, 5, 0.5, 'synthetic_factor', 2026)", "method": "tabu", "engine": "tabu", "status": "ok", "reason": "", "n": 10, "B": 5, "q": 0.5, "A": 1.578341484060211, "runtime_s": 60.001643896102905, "E_best": -39.41615524694852, "E_best_improved": -39.41615524694853, "improve_engine": "python.local_descent", "raw_sum_z": 5, "raw_feasible": true, "raw_F_markowitz": 0.042381854556754216, "raw_penalty": 0.0, "raw_E_qubo": -39.41615524694853, "imp_sum_z": 5, "imp_feasible": true, "imp_F_markowitz": 0.042381854556754216, "imp_penalty": 0.0, "imp_E_qubo": -39.41615524694853}, {"instance_key": "(10, 5, 0.8, 'synthetic_factor', 2027)", "method": "exact", "engine": "dimod.ExactSolver", "status": "ok", "reason": "", "n": 10, "B": 5, "q": 0.8, "A": 3.9516868936486538, "runtime_s": 0.0010018348693847656, "E_best": -98.74580809647996, "E_best_improved": -98.74580809647996, "improve_engine": "python.local_descent", "raw_sum_z": 5, "raw_feasible": true, "raw_F_markowitz": 0.04636424473640476, "raw_penalty": 0.0, "raw_E_qubo": -98.74580809647996, "imp_sum_z": 5, "imp_feasible": true, "imp_F_markowitz": 0.04636424473640476, "imp_penalty": 0.0, "imp_E_qubo": -98.74580809647996}, {"instance_key": "(10, 5, 0.8, 'synthetic_factor', 2027)", "method": "sa", "engine": "neal.SA", "status": "ok", "reason": "", "n": 10, "B": 5, "q": 0.8, "A": 3.9516868936486538, "runtime_s": 26.33238673210144, "E_best": -98.74580809647989, "E_best_improved": -98.74580809647996, "improve_engine": "python.local_descent", "raw_sum_z": 5, "raw_feasible": true, "raw_F_markowitz": 0.04636424473640476, "raw_penalty": 0.0, "raw_E_qubo": -98.74580809647996, "imp_sum_z": 5, "imp_feasible": true, "imp_F_markowitz": 0.04636424473640476, "imp_penalty": 0.0, "imp_E_qubo": -98.74580809647996}, {"instance_key": "(10, 5, 0.8, 'synthetic_factor', 2027)", "method": "tabu", "engine": "tabu", "status": "ok", "reason": "", "n": 10, "B": 5, "q": 0.8, "A": 3.9516868936486538, "runtime_s": 60.00128221511841, "E_best": -98.74580809647996, "E_best_improved": -98.74580809647996, "improve_engine": "python.local_descent", "raw_sum_z": 5, "raw_feasible": true, "raw_F_markowitz": 0.04636424473640476, "raw_penalty": 0.0, "raw_E_qubo": -98.74580809647996, "imp_sum_z": 5, "imp_feasible": true, "imp_F_markowitz": 0.04636424473640476, "imp_penalty": 0.0, "imp_E_qubo": -98.74580809647996}, {"instance_key": "(20, 10, 0.2, 'synthetic_factor', 2028)", "method": "exact", "engine": "dimod.ExactSolver", "status": "ok", "reason": "", "n": 20, "B": 10, "q": 0.2, "A": 1.0926672158620376, "runtime_s": 1.2931511402130127, "E_best": -109.28856822317384, "E_best_improved": -109.28856822317375, "improve_engine": "python.local_descent", "raw_sum_z": 10, "raw_feasible": true, "raw_F_markowitz": -0.021846636970072365, "raw_penalty": 0.0, "raw_E_qubo": -109.28856822317375, "imp_sum_z": 10, "imp_feasible": true, "imp_F_markowitz": -0.021846636970072365, "imp_penalty": 0.0, "imp_E_qubo": -109.28856822317375}, {"instance_key": "(20, 10, 0.2, 'synthetic_factor', 2028)", "method": "sa", "engine": "neal.SA", "status": "ok", "reason": "", "n": 20, "B": 10, "q": 0.2, "A": 1.0926672158620376, "runtime_s": 66.2209951877594, "E_best": -109.28475391169621, "E_best_improved": -109.28475391169601, "improve_engine": "python.local_descent", "raw_sum_z": 10, "raw_feasible": true, "raw_F_markowitz": -0.0180323254923083, "raw_penalty": 0.0, "raw_E_qubo": -109.28475391169601, "imp_sum_z": 10, "imp_feasible": true, "imp_F_markowitz": -0.0180323254923083, "imp_penalty": 0.0, "imp_E_qubo": -109.28475391169601}, {"instance_key": "(20, 10, 0.2, 'synthetic_factor', 2028)", "method": "tabu", "engine": "tabu", "status": "ok", "reason": "", "n": 20, "B": 10, "q": 0.2, "A": 1.0926672158620376, "runtime_s": 60.00155687332153, "E_best": -109.28856822317384, "E_best_improved": -109.28856822317375, "improve_engine": "python.local_descent", "raw_sum_z": 10, "raw_feasible": true, "raw_F_markowitz": -0.021846636970072365, "raw_penalty": 0.0, "raw_E_qubo": -109.28856822317375, "imp_sum_z": 10, "imp_feasible": true, "imp_F_markowitz": -0.021846636970072365, "imp_penalty": 0.0, "imp_E_qubo": -109.28856822317375}, {"instance_key": "(20, 10, 0.5, 'synthetic_factor', 2029)", "method": "exact", "engine": "dimod.ExactSolver", "status": "ok", "reason": "", "n": 20, "B": 10, "q": 0.5, "A": 1.9881303526407539, "runtime_s": 1.7574491500854492, "E_best": -198.83416568924255, "E_best_improved": -198.83416568924295, "improve_engine": "python.local_descent", "raw_sum_z": 10, "raw_feasible": true, "raw_F_markowitz": -0.021130425167369904, "raw_penalty": 0.0, "raw_E_qubo": -198.83416568924295, "imp_sum_z": 10, "imp_feasible": true, "imp_F_markowitz": -0.021130425167369904, "imp_penalty": 0.0,